[{"c_temp":105,"city_fees":76642,"enroll_date":"16/01/2025","s_temp":45},{"c_temp":182,"city_fees":75288,"enroll_date":"12/02/2024","s_temp":110},{"c_temp":27,"city_fees":14070,"enroll_date":"17/12/2023","s_temp":126},{"c_temp":38,"city_fees":16313,"enroll_date":"19/08/2023","s_temp":105},{"c_temp":111,"city_fees":99243,"enroll_date":"05/11/2023","s_temp":41},{"c_temp":85,"city_fees":38846,"enroll_date":"12/04/2023","s_temp":67},{"c_temp":153,"city_fees":31857,"enroll_date":"20/09/2023","s_temp":15},{"c_temp":20,"city_fees":95163,"enroll_date":"01/01/2024","s_temp":192},{"c_temp":121,"city_fees":84066,"enroll_date":"17/05/2023","s_temp":93},{"c_temp":61,"city_fees":27660,"enroll_date":"19/12/2023","s_temp":95},{"c_temp":193,"city_fees":98908,"enroll_date":"04/04/2023","s_temp":58},{"c_temp":169,"city_fees":26405,"enroll_date":"15/07/2023","s_temp":61},{"c_temp":110,"city_fees":11461,"enroll_date":"13/09/2023","s_temp":84},{"c_temp":84,"city_fees":22221,"enroll_date":"20/01/2024","s_temp":24},{"c_temp":21,"city_fees":20468,"enroll_date":"22/04/2023","s_temp":39},{"c_temp":32,"city_fees":55256,"enroll_date":"15/04/2023","s_temp":189},{"c_temp":32,"city_fees":90390,"enroll_date":"04/10/2023","s_temp":161},{"c_temp":173,"city_fees":26375,"enroll_date":"15/01/2024","s_temp":147},{"c_temp":110,"city_fees":26848,"enroll_date":"27/12/2023","s_temp":180},{"c_temp":131,"city_fees":83273,"enroll_date":"29/09/2023","s_temp":118},{"c_temp":131,"city_fees":34090,"enroll_date":"13/02/2024","s_temp":149},{"c_temp":153,"city_fees":31785,"enroll_date":"08/03/2023","s_temp":172},{"c_temp":153,"city_fees":38055,"enroll_date":"24/06/2023","s_temp":199},{"c_temp":99,"city_fees":73882,"enroll_date":"24/06/2023","s_temp":193},{"c_temp":102,"city_fees":39775,"enroll_date":"01/12/2023","s_temp":143},{"c_temp":101,"city_fees":81727,"enroll_date":"18/09/2023","s_temp":143},{"c_temp":104,"city_fees":25274,"enroll_date":"07/12/2023","s_temp":27},{"c_temp":68,"city_fees":96160,"enroll_date":"31/05/2023","s_temp":92},{"c_temp":26,"city_fees":22015,"enroll_date":"25/05/2023","s_temp":194},{"c_temp":134,"city_fees":97582,"enroll_date":"22/04/2023","s_temp":131},{"c_temp":179,"city_fees":97173,"enroll_date":"04/01/2024","s_temp":61},{"c_temp":51,"city_fees":61462,"enroll_date":"23/08/2023","s_temp":103},{"c_temp":7,"city_fees":97100,"enroll_date":"30/01/2024","s_temp":85},{"c_temp":21,"city_fees":39857,"enroll_date":"02/02/2024","s_temp":144},{"c_temp":152,"city_fees":12402,"enroll_date":"12/08/2023","s_temp":47},{"c_temp":11,"city_fees":59652,"enroll_date":"13/07/2023","s_temp":177},{"c_temp":99,"city_fees":57341,"enroll_date":"07/06/2023","s_temp":178},{"c_temp":39,"city_fees":50220,"enroll_date":"23/08/2023","s_temp":30},{"c_temp":74,"city_fees":23851,"enroll_date":"25/06/2023","s_temp":127},{"c_temp":163,"city_fees":18874,"enroll_date":"08/12/2023","s_temp":179},{"c_temp":144,"city_fees":26667,"enroll_date":"25/10/2023","s_temp":41},{"c_temp":56,"city_fees":57938,"enroll_date":"15/12/2023","s_temp":96},{"c_temp":72,"city_fees":66114,"enroll_date":"26/04/2023","s_temp":97},{"c_temp":20,"city_fees":60159,"enroll_date":"06/09/2023","s_temp":115},{"c_temp":196,"city_fees":89331,"enroll_date":"18/09/2023","s_temp":36},{"c_temp":153,"city_fees":38304,"enroll_date":"25/09/2023","s_temp":48},{"c_temp":118,"city_fees":76587,"enroll_date":"31/12/2023","s_temp":95},{"c_temp":148,"city_fees":55485,"enroll_date":"15/03/2023","s_temp":39},{"c_temp":158,"city_fees":56548,"enroll_date":"21/09/2023","s_temp":97},{"c_temp":169,"city_fees":70523,"enroll_date":"25/05/2023","s_temp":113},{"c_temp":189,"city_fees":49831,"enroll_date":"21/11/2023","s_temp":19},{"c_temp":109,"city_fees":80796,"enroll_date":"07/07/2023","s_temp":9},{"c_temp":45,"city_fees":70095,"enroll_date":"31/03/2023","s_temp":163},{"c_temp":45,"city_fees":66720,"enroll_date":"29/10/2023","s_temp":119},{"c_temp":50,"city_fees":84371,"enroll_date":"02/03/2024","s_temp":111},{"c_temp":142,"city_fees":40203,"enroll_date":"16/07/2023","s_temp":187},{"c_temp":7,"city_fees":29409,"enroll_date":"15/03/2023","s_temp":100},{"c_temp":167,"city_fees":61226,"enroll_date":"28/12/2023","s_temp":21},{"c_temp":99,"city_fees":94505,"enroll_date":"02/08/2023","s_temp":93},{"c_temp":29,"city_fees":39057,"enroll_date":"03/03/2023","s_temp":66},{"c_temp":59,"city_fees":72175,"enroll_date":"28/06/2023","s_temp":128},{"c_temp":168,"city_fees":40866,"enroll_date":"18/05/2023","s_temp":180},{"c_temp":167,"city_fees":61270,"enroll_date":"08/06/2023","s_temp":134},{"c_temp":81,"city_fees":26288,"enroll_date":"27/08/2023","s_temp":3},{"c_temp":55,"city_fees":15634,"enroll_date":"09/08/2023","s_temp":176},{"c_temp":53,"city_fees":81668,"enroll_date":"09/07/2023","s_temp":149},{"c_temp":121,"city_fees":37460,"enroll_date":"03/02/2024","s_temp":193},{"c_temp":182,"city_fees":68283,"enroll_date":"15/12/2023","s_temp":183},{"c_temp":101,"city_fees":38360,"enroll_date":"08/03/2023","s_temp":93},{"c_temp":156,"city_fees":17696,"enroll_date":"29/09/2023","s_temp":107},{"c_temp":29,"city_fees":54571,"enroll_date":"28/09/2023","s_temp":194},{"c_temp":110,"city_fees":31138,"enroll_date":"10/09/2023","s_temp":75},{"c_temp":176,"city_fees":66399,"enroll_date":"14/01/2024","s_temp":169},{"c_temp":168,"city_fees":94414,"enroll_date":"06/05/2023","s_temp":45},{"c_temp":19,"city_fees":95797,"enroll_date":"26/03/2023","s_temp":156},{"c_temp":16,"city_fees":63824,"enroll_date":"14/12/2023","s_temp":110},{"c_temp":142,"city_fees":57329,"enroll_date":"05/05/2023","s_temp":167},{"c_temp":184,"city_fees":35230,"enroll_date":"28/07/2023","s_temp":146},{"c_temp":184,"city_fees":37960,"enroll_date":"27/09/2023","s_temp":109},{"c_temp":191,"city_fees":31300,"enroll_date":"02/04/2023","s_temp":22},{"c_temp":134,"city_fees":56746,"enroll_date":"16/05/2023","s_temp":47},{"c_temp":95,"city_fees":41637,"enroll_date":"06/01/2024","s_temp":100},{"c_temp":169,"city_fees":97156,"enroll_date":"09/10/2023","s_temp":130},{"c_temp":28,"city_fees":68833,"enroll_date":"26/04/2023","s_temp":144},{"c_temp":111,"city_fees":31535,"enroll_date":"26/01/2024","s_temp":15},{"c_temp":11,"city_fees":68878,"enroll_date":"21/12/2023","s_temp":145},{"c_temp":99,"city_fees":93954,"enroll_date":"09/04/2023","s_temp":107},{"c_temp":31,"city_fees":54789,"enroll_date":"22/06/2023","s_temp":125},{"c_temp":143,"city_fees":66150,"enroll_date":"17/11/2023","s_temp":77},{"c_temp":94,"city_fees":39433,"enroll_date":"09/05/2023","s_temp":80},{"c_temp":132,"city_fees":13807,"enroll_date":"07/12/2023","s_temp":189},{"c_temp":43,"city_fees":48228,"enroll_date":"18/10/2023","s_temp":77},{"c_temp":43,"city_fees":1,"enroll_date":"1","s_temp":2},{"c_temp":43,"city_fees":3,"enroll_date":"3","s_temp":4},{"c_temp":43,"city_fees":5,"enroll_date":"5","s_temp":6},{"c_temp":43,"city_fees":1,"enroll_date":"1","s_temp":2},{"c_temp":43,"city_fees":2,"enroll_date":"2","s_temp":3},{"c_temp":43,"city_fees":4,"enroll_date":"4","s_temp":3},{"c_temp":43,"city_fees":1,"enroll_date":"1","s_temp":2},{"c_temp":34,"city_fees":23000,"enroll_date":"22/07/2005","s_temp":23},{"c_temp":24,"city_fees":34,"enroll_date":"3/4","s_temp":23},{"c_temp":24,"city_fees":1,"enroll_date":"date","s_temp":23},{"c_temp":7,"city_fees":1,"enroll_date":"date","s_temp":6}]