[{"ct_country":"Francf","ct_currency":"Europ","ct_lang":"Gagaua","ct_id":7,"ct_name":"Hyèret"},{"ct_country":"China","ct_currency":"Yuan Renminbi","ct_lang":"Tswana","ct_id":7,"ct_name":"Huibu"},{"ct_country":"Philippines","ct_currency":"Peso","ct_lang":"New Zealand Sign Language","ct_id":8,"ct_name":"Banos"},{"ct_country":"Japan","ct_currency":"Yen","ct_lang":"Hebrew","ct_id":9,"ct_name":"Akashi"},{"ct_country":"Georgia","ct_currency":"Lari","ct_lang":"Burmese","ct_id":10,"ct_name":"Shuakhevi"},{"ct_country":"Czech Republic","ct_currency":"Koruna","ct_lang":"Afrikaans","ct_id":11,"ct_name":"Milotice"},{"ct_country":"Germany","ct_currency":"Euro","ct_lang":"Greek","ct_id":12,"ct_name":"München"},{"ct_country":"Sri Lanka","ct_currency":"Rupee","ct_lang":"Tswana","ct_id":13,"ct_name":"Polonnaruwa"},{"ct_country":"Thailand","ct_currency":"Baht","ct_lang":"Hebrew","ct_id":14,"ct_name":"Pak Phanang"},{"ct_country":"Norway","ct_currency":"Krone","ct_lang":"Burmese","ct_id":15,"ct_name":"Rennebu"},{"ct_country":"Costa Rica","ct_currency":"Colon","ct_lang":"Punjabi","ct_id":16,"ct_name":"Liberia"},{"ct_country":"Sweden","ct_currency":"Krona","ct_lang":"Tsonga","ct_id":17,"ct_name":"Knivsta"},{"ct_country":"Palestinian Territory","ct_currency":"Shekel","ct_lang":"Polish","ct_id":18,"ct_name":"Iktābah"},{"ct_country":"Mongolia","ct_currency":"Tugrik","ct_lang":"Fijian","ct_id":19,"ct_name":"Jargalant"},{"ct_country":"Peru","ct_currency":"Sol","ct_lang":"Hindi","ct_id":20,"ct_name":"Vitarte"},{"ct_country":"Comoros","ct_currency":"Franc","ct_lang":"Irish Gaelic","ct_id":21,"ct_name":"Héroumbili"},{"ct_country":"Indonesia","ct_currency":"Rupiah","ct_lang":"Hindi","ct_id":22,"ct_name":"Dawuhan"},{"ct_country":"China","ct_currency":"Yuan Renminbi","ct_lang":"Tok Pisin","ct_id":23,"ct_name":"Huandiqiao"},{"ct_country":"Russia","ct_currency":"Ruble","ct_lang":"Telugu","ct_id":24,"ct_name":"Kratovo"},{"ct_country":"Sweden","ct_currency":"Krona","ct_lang":"Bengali","ct_id":25,"ct_name":"Floda"},{"ct_country":"Poland","ct_currency":"Zloty","ct_lang":"Tsonga","ct_id":26,"ct_name":"Plewiska"},{"ct_country":"Russia","ct_currency":"Ruble","ct_lang":"Dutch","ct_id":27,"ct_name":"Gorno-Altaysk"},{"ct_country":"Portugal","ct_currency":"Euro","ct_lang":"Zulu","ct_id":28,"ct_name":"Cotovia"},{"ct_country":"Philippines","ct_currency":"Peso","ct_lang":"Czech","ct_id":29,"ct_name":"Liwan"},{"ct_country":"Philippines","ct_currency":"Peso","ct_lang":"Pashto","ct_id":30,"ct_name":"Malamig"},{"ct_country":"Indonesia","ct_currency":"Rupiah","ct_lang":"Swati","ct_id":31,"ct_name":"Pakel"},{"ct_country":"Philippines","ct_currency":"Peso","ct_lang":"Bislama","ct_id":32,"ct_name":"Digos"},{"ct_country":"Indonesia","ct_currency":"Rupiah","ct_lang":"Indonesian","ct_id":33,"ct_name":"Semerak"},{"ct_country":"China","ct_currency":"Yuan Renminbi","ct_lang":"German","ct_id":34,"ct_name":"Mengxi"},{"ct_country":"Philippines","ct_currency":"Peso","ct_lang":"Kurdish","ct_id":35,"ct_name":"Latung"},{"ct_country":"Cuba","ct_currency":"Peso","ct_lang":"Bulgarian","ct_id":36,"ct_name":"Guanabacoa"},{"ct_country":"Syria","ct_currency":"Pound","ct_lang":"Kazakh","ct_id":37,"ct_name":"Sabbah"},{"ct_country":"South Africa","ct_currency":"Rand","ct_lang":"Dzongkha","ct_id":38,"ct_name":"Bergville"},{"ct_country":"Kuwait","ct_currency":"Dinar","ct_lang":"Lao","ct_id":39,"ct_name":"Salwá"},{"ct_country":"Peru","ct_currency":"Sol","ct_lang":"Spanish","ct_id":40,"ct_name":"Sojo"},{"ct_country":"Peru","ct_currency":"Sol","ct_lang":"Italian","ct_id":41,"ct_name":"Pirca"},{"ct_country":"France","ct_currency":"Euro","ct_lang":"Quechua","ct_id":42,"ct_name":"Montaigu"},{"ct_country":"Ireland","ct_currency":"Euro","ct_lang":"Malagasy","ct_id":43,"ct_name":"Gweedore"},{"ct_country":"Russia","ct_currency":"Ruble","ct_lang":"Tsonga","ct_id":44,"ct_name":"Zmeyskaya"},{"ct_country":"Pakistan","ct_currency":"Rupee","ct_lang":"Dzongkha","ct_id":45,"ct_name":"Pindi Bhattiān"},{"ct_country":"Panama","ct_currency":"Balboa","ct_lang":"Lao","ct_id":46,"ct_name":"Caimitillo"},{"ct_country":"United States","ct_currency":"Dollar","ct_lang":"Tswana","ct_id":47,"ct_name":"Bethlehem"},{"ct_country":"Madagascar","ct_currency":"Ariary","ct_lang":"Marathi","ct_id":48,"ct_name":"Ambatolaona"},{"ct_country":"France","ct_currency":"Euro","ct_lang":"Albanian","ct_id":49,"ct_name":"Troyes"},{"ct_country":"Bulgaria","ct_currency":"Lev","ct_lang":"Northern Sotho","ct_id":50,"ct_name":"Belene"},{"ct_country":"Brazil","ct_currency":"Real","ct_lang":"Māori","ct_id":51,"ct_name":"Juru"},{"ct_country":"Russia","ct_currency":"Ruble","ct_lang":"Mongolian","ct_id":52,"ct_name":"Togur"},{"ct_country":"Indonesia","ct_currency":"Rupiah","ct_lang":"Catalan","ct_id":53,"ct_name":"Kentongan"},{"ct_country":"Norway","ct_currency":"Krone","ct_lang":"Bulgarian","ct_id":54,"ct_name":"Skien"},{"ct_country":"France","ct_currency":"Euro","ct_lang":"Oriya","ct_id":55,"ct_name":"Ivry-sur-Seine"},{"ct_country":"Philippines","ct_currency":"Peso","ct_lang":"Hebrew","ct_id":56,"ct_name":"Danao"},{"ct_country":"Finland","ct_currency":"Euro","ct_lang":"Kurdish","ct_id":57,"ct_name":"Turku"},{"ct_country":"Peru","ct_currency":"Sol","ct_lang":"Latvian","ct_id":58,"ct_name":"Yunguyo"},{"ct_country":"Sweden","ct_currency":"Krona","ct_lang":"English","ct_id":59,"ct_name":"Asarum"},{"ct_country":"Kosovo","ct_currency":"Euro","ct_lang":"Amharic","ct_id":60,"ct_name":"Lipljan"},{"ct_country":"Indonesia","ct_currency":"Rupiah","ct_lang":"Malayalam","ct_id":61,"ct_name":"Kuaro"},{"ct_country":"Brazil","ct_currency":"Real","ct_lang":"Hungarian","ct_id":62,"ct_name":"Duque de Caxias"},{"ct_country":"Brazil","ct_currency":"Real","ct_lang":"Burmese","ct_id":63,"ct_name":"Florianópolis"},{"ct_country":"Indonesia","ct_currency":"Rupiah","ct_lang":"West Frisian","ct_id":64,"ct_name":"Jelbuk"},{"ct_country":"Russia","ct_currency":"Ruble","ct_lang":"Haitian Creole","ct_id":65,"ct_name":"Sortavala"},{"ct_country":"Argentina","ct_currency":"Peso","ct_lang":"Tok Pisin","ct_id":66,"ct_name":"Villa Lugano"},{"ct_country":"Portugal","ct_currency":"Euro","ct_lang":"Belarusian","ct_id":67,"ct_name":"Alvito"},{"ct_country":"China","ct_currency":"Yuan Renminbi","ct_lang":"Burmese","ct_id":68,"ct_name":"Zhujiang"},{"ct_country":"Indonesia","ct_currency":"Rupiah","ct_lang":"Fijian","ct_id":69,"ct_name":"Widorokandang"},{"ct_country":"China","ct_currency":"Yuan Renminbi","ct_lang":"Hindi","ct_id":70,"ct_name":"Zhamog"},{"ct_country":"Sweden","ct_currency":"Krona","ct_lang":"Greek","ct_id":71,"ct_name":"Boden"},{"ct_country":"Reunion","ct_currency":"Euro","ct_lang":"Armenian","ct_id":72,"ct_name":"Le Tampon"},{"ct_country":"Tanzania","ct_currency":"Shilling","ct_lang":"Albanian","ct_id":73,"ct_name":"Maswa"},{"ct_country":"Italy","ct_currency":"Euro","ct_lang":"Tajik","ct_id":74,"ct_name":"Verona"},{"ct_country":"Russia","ct_currency":"Ruble","ct_lang":"Bosnian","ct_id":75,"ct_name":"Lesnyye Polyany"},{"ct_country":"Portugal","ct_currency":"Euro","ct_lang":"Portuguese","ct_id":76,"ct_name":"Cruz"},{"ct_country":"China","ct_currency":"Yuan Renminbi","ct_lang":"Finnish","ct_id":77,"ct_name":"Heqiao"},{"ct_country":"Indonesia","ct_currency":"Rupiah","ct_lang":"Yiddish","ct_id":78,"ct_name":"Kawungsari"},{"ct_country":"China","ct_currency":"Yuan Renminbi","ct_lang":"Portuguese","ct_id":79,"ct_name":"Zhonghe"},{"ct_country":"China","ct_currency":"Yuan Renminbi","ct_lang":"Hiri Motu","ct_id":80,"ct_name":"Jiuli"},{"ct_country":"United States","ct_currency":"Dollar","ct_lang":"Macedonian","ct_id":81,"ct_name":"Los Angeles"},{"ct_country":"Russia","ct_currency":"Ruble","ct_lang":"Polish","ct_id":82,"ct_name":"Mikhaylovka"},{"ct_country":"Portugal","ct_currency":"Euro","ct_lang":"Fijian","ct_id":83,"ct_name":"Foros do Trapo"},{"ct_country":"Brazil","ct_currency":"Real","ct_lang":"Haitian Creole","ct_id":84,"ct_name":"Orleans"},{"ct_country":"Portugal","ct_currency":"Euro","ct_lang":"Malay","ct_id":85,"ct_name":"Cachadinha"},{"ct_country":"Montenegro","ct_currency":"Euro","ct_lang":"Kashmiri","ct_id":86,"ct_name":"Podgorica"},{"ct_country":"Pakistan","ct_currency":"Rupee","ct_lang":"Arabic","ct_id":87,"ct_name":"Ādilpur"},{"ct_country":"China","ct_currency":"Yuan Renminbi","ct_lang":"Chinese","ct_id":88,"ct_name":"Bajiazi"},{"ct_country":"Philippines","ct_currency":"Peso","ct_lang":"Hungarian","ct_id":89,"ct_name":"El Nido"},{"ct_country":"France","ct_currency":"Euro","ct_lang":"Burmese","ct_id":90,"ct_name":"Agen"},{"ct_country":"Greece","ct_currency":"Euro","ct_lang":"Azeri","ct_id":91,"ct_name":"Melíssi"},{"ct_country":"Russia","ct_currency":"Ruble","ct_lang":"Tswana","ct_id":92,"ct_name":"Novozavedennoye"},{"ct_country":"Brazil","ct_currency":"Real","ct_lang":"German","ct_id":93,"ct_name":"Caçador"},{"ct_country":"Indonesia","ct_currency":"Rupiah","ct_lang":"Tok Pisin","ct_id":94,"ct_name":"Lanpelan"},{"ct_country":"Thailand","ct_currency":"Baht","ct_lang":"Hebrew","ct_id":95,"ct_name":"Nong Don"},{"ct_country":"China","ct_currency":"Yuan Renminbi","ct_lang":"Danish","ct_id":96,"ct_name":"Changting"},{"ct_country":"China","ct_currency":"Yuan Renminbi","ct_lang":"Telugu","ct_id":97,"ct_name":"Songlong"},{"ct_country":"Mongolia","ct_currency":"Tugrik","ct_lang":"Bulgarian","ct_id":98,"ct_name":"Chandmanĭ"},{"ct_country":"Ireland","ct_currency":"Euro","ct_lang":"Malay","ct_id":99,"ct_name":"Kilmacanoge"},{"ct_country":"China","ct_currency":"Yuan Renminbi","ct_lang":"Bosnian","ct_id":100,"ct_name":"Xiyuan"},{"ct_country":"Indonesia","ct_currency":"Rupiah","ct_lang":"Zulu","ct_id":101,"ct_name":"Kiruru"},{"ct_country":"Georgia","ct_currency":"Lari","ct_lang":"Estonian","ct_id":102,"ct_name":"Ozurgeti"},{"ct_country":"China","ct_currency":"Yuan Renminbi","ct_lang":"Zulu","ct_id":103,"ct_name":"Toubao"},{"ct_country":"Argentina","ct_currency":"Peso","ct_lang":"Zulu","ct_id":104,"ct_name":"Jardín América"},{"ct_country":"United States","ct_currency":"Dollar","ct_lang":"Danish","ct_id":105,"ct_name":"Richmond"},{"ct_country":"Czech Republic","ct_currency":"Koruna","ct_lang":"Norwegian","ct_id":106,"ct_name":"Čejkovice"},{"ct_country":"Mayotte","ct_currency":"Euro","ct_lang":"Dzongkha","ct_id":107,"ct_name":"Chirongui"},{"ct_country":"United States","ct_currency":"Dollar","ct_lang":"Armenian","ct_id":108,"ct_name":"Washington"},{"ct_country":"China","ct_currency":"Yuan Renminbi","ct_lang":"Hungarian","ct_id":109,"ct_name":"Souziqiu"},{"ct_country":"Finland","ct_currency":"Euro","ct_lang":"Armenian","ct_id":110,"ct_name":"Alavieska"},{"ct_country":"China","ct_currency":"Yuan Renminbi","ct_lang":"Hebrew","ct_id":111,"ct_name":"Dingbao"},{"ct_country":"China","ct_currency":"Yuan Renminbi","ct_lang":"Irish Gaelic","ct_id":112,"ct_name":"Jieduo"},{"ct_country":"Ukraine","ct_currency":"Hryvnia","ct_lang":"Assamese","ct_id":113,"ct_name":"Ulanov"},{"ct_country":"Russia","ct_currency":"Ruble","ct_lang":"Portuguese","ct_id":114,"ct_name":"Ufa"},{"ct_country":"Vietnam","ct_currency":"Dong","ct_lang":"Kazakh","ct_id":115,"ct_name":"Hà Tĩnh"},{"ct_country":"China","ct_currency":"Yuan Renminbi","ct_lang":"Montenegrin","ct_id":116,"ct_name":"Jiannan"},{"ct_country":"Ukraine","ct_currency":"Hryvnia","ct_lang":"Malayalam","ct_id":117,"ct_name":"Spas’ke"},{"ct_country":"Azerbaijan","ct_currency":"Manat","ct_lang":"Norwegian","ct_id":118,"ct_name":"Zaqatala"},{"ct_country":"Cameroon","ct_currency":"Franc","ct_lang":"Nepali","ct_id":119,"ct_name":"Garoua"},{"ct_country":"Slovenia","ct_currency":"Euro","ct_lang":"Czech","ct_id":120,"ct_name":"Rakičan"},{"ct_country":"Vietnam","ct_currency":"Dong","ct_lang":"Yiddish","ct_id":121,"ct_name":"Kiên Lương"},{"ct_country":"China","ct_currency":"Yuan Renminbi","ct_lang":"Filipino","ct_id":122,"ct_name":"Qindu"},{"ct_country":"Portugal","ct_currency":"Euro","ct_lang":"Georgian","ct_id":123,"ct_name":"Castelo de Vide"},{"ct_country":"France","ct_currency":"Euro","ct_lang":"Somali","ct_id":124,"ct_name":"Rennes"},{"ct_country":"Philippines","ct_currency":"Peso","ct_lang":"Punjabi","ct_id":125,"ct_name":"Calatrava"},{"ct_country":"Indonesia","ct_currency":"Rupiah","ct_lang":"Swahili","ct_id":126,"ct_name":"Tutup"},{"ct_country":"Tanzania","ct_currency":"Shilling","ct_lang":"Malayalam","ct_id":127,"ct_name":"Nungwi"},{"ct_country":"Brazil","ct_currency":"Real","ct_lang":"Albanian","ct_id":128,"ct_name":"Ananindeua"},{"ct_country":"Indonesia","ct_currency":"Rupiah","ct_lang":"Nepali","ct_id":129,"ct_name":"Kebonsari"},{"ct_country":"China","ct_currency":"Yuan Renminbi","ct_lang":"Dari","ct_id":130,"ct_name":"Jiesheng"},{"ct_country":"United States","ct_currency":"Dollar","ct_lang":"Bosnian","ct_id":131,"ct_name":"El Paso"},{"ct_country":"China","ct_currency":"Yuan Renminbi","ct_lang":"Zulu","ct_id":132,"ct_name":"Boji"},{"ct_country":"Russia","ct_currency":"Ruble","ct_lang":"Tamil","ct_id":133,"ct_name":"Yablonovskiy"},{"ct_country":"Russia","ct_currency":"Ruble","ct_lang":"Swedish","ct_id":134,"ct_name":"Shal’skiy"},{"ct_country":"Sweden","ct_currency":"Krona","ct_lang":"Croatian","ct_id":135,"ct_name":"Sävsjö"},{"ct_country":"Indonesia","ct_currency":"Rupiah","ct_lang":"Japanese","ct_id":136,"ct_name":"Ciengang"},{"ct_country":"China","ct_currency":"Yuan Renminbi","ct_lang":"Fijian","ct_id":137,"ct_name":"Namling"},{"ct_country":"Philippines","ct_currency":"Peso","ct_lang":"Swedish","ct_id":138,"ct_name":"Communal"},{"ct_country":"Peru","ct_currency":"Sol","ct_lang":"Yiddish","ct_id":139,"ct_name":"Huachos"},{"ct_country":"Indonesia","ct_currency":"Rupiah","ct_lang":"Mongolian","ct_id":140,"ct_name":"Kaum"},{"ct_country":"China","ct_currency":"Yuan Renminbi","ct_lang":"Māori","ct_id":141,"ct_name":"Yanjiang"},{"ct_country":"Honduras","ct_currency":"Lempira","ct_lang":"Croatian","ct_id":142,"ct_name":"Veracruz"},{"ct_country":"Indonesia","ct_currency":"Rupiah","ct_lang":"Albanian","ct_id":143,"ct_name":"Wonokromo"},{"ct_country":"Vietnam","ct_currency":"Dong","ct_lang":"Tamil","ct_id":144,"ct_name":"Tân Châu"},{"ct_country":"Philippines","ct_currency":"Peso","ct_lang":"Spanish","ct_id":145,"ct_name":"Anahawan"},{"ct_country":"Argentina","ct_currency":"Peso","ct_lang":"Guaraní","ct_id":146,"ct_name":"Wenceslao Escalante"},{"ct_country":"South Korea","ct_currency":"Won","ct_lang":"Hungarian","ct_id":147,"ct_name":"Chinch'ŏn"},{"ct_country":"China","ct_currency":"Yuan Renminbi","ct_lang":"Pashto","ct_id":148,"ct_name":"Baishan"},{"ct_country":"Czech Republic","ct_currency":"Koruna","ct_lang":"Chinese","ct_id":149,"ct_name":"Dolní Lhota"},{"ct_country":"Indonesia","ct_currency":"Rupiah","ct_lang":"West Frisian","ct_id":150,"ct_name":"Tarikolot"},{"ct_country":"Vietnam","ct_currency":"Dong","ct_lang":"Assamese","ct_id":151,"ct_name":"A Yun Pa"},{"ct_country":"Finland","ct_currency":"Euro","ct_lang":"Macedonian","ct_id":152,"ct_name":"Pyhäntä"},{"ct_country":"Czech Republic","ct_currency":"Koruna","ct_lang":"French","ct_id":153,"ct_name":"Klenčí pod Čerchovem"},{"ct_country":"Colombia","ct_currency":"Peso","ct_lang":"Tajik","ct_id":154,"ct_name":"Paicol"},{"ct_country":"Syria","ct_currency":"Pound","ct_lang":"Telugu","ct_id":155,"ct_name":"Badāmā"},{"ct_country":"Luxembourg","ct_currency":"Euro","ct_lang":"Hebrew","ct_id":156,"ct_name":"Hesperange"},{"ct_country":"Indonesia","ct_currency":"Rupiah","ct_lang":"Kyrgyz","ct_id":157,"ct_name":"Bantul"},{"ct_country":"Argentina","ct_currency":"Peso","ct_lang":"Marathi","ct_id":158,"ct_name":"La Rioja"},{"ct_country":"Indonesia","ct_currency":"Rupiah","ct_lang":"Kannada","ct_id":159,"ct_name":"Kebon"},{"ct_country":"China","ct_currency":"Yuan Renminbi","ct_lang":"Yiddish","ct_id":160,"ct_name":"Yangong"},{"ct_country":"China","ct_currency":"Yuan Renminbi","ct_lang":"Dari","ct_id":161,"ct_name":"Xikou"},{"ct_country":"Spain","ct_currency":"Euro","ct_lang":"Tetum","ct_id":162,"ct_name":"Gijon"},{"ct_country":"Canada","ct_currency":"Dollar","ct_lang":"Māori","ct_id":163,"ct_name":"Fort Smith"},{"ct_country":"Poland","ct_currency":"Zloty","ct_lang":"Chinese","ct_id":164,"ct_name":"Wolbrom"},{"ct_country":"China","ct_currency":"Yuan Renminbi","ct_lang":"Telugu","ct_id":165,"ct_name":"Namling"},{"ct_country":"Finland","ct_currency":"Euro","ct_lang":"Polish","ct_id":166,"ct_name":"Kalajoki"},{"ct_country":"France","ct_currency":"Euro","ct_lang":"Czech","ct_id":167,"ct_name":"Orléans"},{"ct_country":"Spain","ct_currency":"Euro","ct_lang":"Mongolian","ct_id":168,"ct_name":"Castellon De La Plana/Castello De La Pla"},{"ct_country":"Afghanistan","ct_currency":"Afghani","ct_lang":"Hiri Motu","ct_id":169,"ct_name":"Nāṟay"},{"ct_country":"Vietnam","ct_currency":"Dong","ct_lang":"Zulu","ct_id":170,"ct_name":"Tân Kỳ"},{"ct_country":"Sweden","ct_currency":"Krona","ct_lang":"Korean","ct_id":171,"ct_name":"Stockholm"},{"ct_country":"United States","ct_currency":"Dollar","ct_lang":"Irish Gaelic","ct_id":172,"ct_name":"Seattle"},{"ct_country":"Poland","ct_currency":"Zloty","ct_lang":"Kurdish","ct_id":173,"ct_name":"Zblewo"},{"ct_country":"Spain","ct_currency":"Euro","ct_lang":"Maltese","ct_id":174,"ct_name":"Jaen"},{"ct_country":"Bulgaria","ct_currency":"Lev","ct_lang":"New Zealand Sign Language","ct_id":175,"ct_name":"Pleven"},{"ct_country":"China","ct_currency":"Yuan Renminbi","ct_lang":"Guaraní","ct_id":176,"ct_name":"Puji"},{"ct_country":"Luxembourg","ct_currency":"Euro","ct_lang":"German","ct_id":177,"ct_name":"Moutfort"},{"ct_country":"Dominican Republic","ct_currency":"Peso","ct_lang":"Croatian","ct_id":178,"ct_name":"Jicomé"},{"ct_country":"Peru","ct_currency":"Sol","ct_lang":"Romanian","ct_id":179,"ct_name":"La Oroya"},{"ct_country":"China","ct_currency":"Yuan Renminbi","ct_lang":"Azeri","ct_id":180,"ct_name":"Xiaba"},{"ct_country":"Nepal","ct_currency":"Rupee","ct_lang":"Japanese","ct_id":181,"ct_name":"Dhangarhi"},{"ct_country":"Montenegro","ct_currency":"Euro","ct_lang":"Tajik","ct_id":182,"ct_name":"Stari Bar"},{"ct_country":"China","ct_currency":"Yuan Renminbi","ct_lang":"Greek","ct_id":183,"ct_name":"Niaojin"},{"ct_country":"Mongolia","ct_currency":"Tugrik","ct_lang":"Danish","ct_id":184,"ct_name":"Nart"},{"ct_country":"Indonesia","ct_currency":"Rupiah","ct_lang":"Malayalam","ct_id":185,"ct_name":"Pameungpeuk"},{"ct_country":"Russia","ct_currency":"Ruble","ct_lang":"Dhivehi","ct_id":186,"ct_name":"Pervomayskoye"},{"ct_country":"China","ct_currency":"Yuan Renminbi","ct_lang":"Norwegian","ct_id":187,"ct_name":"Zhoukou"},{"ct_country":"Sweden","ct_currency":"Krona","ct_lang":"Aymara","ct_id":188,"ct_name":"Tumba"},{"ct_country":"Dominican Republic","ct_currency":"Peso","ct_lang":"Somali","ct_id":189,"ct_name":"Pedro Santana"},{"ct_country":"China","ct_currency":"Yuan Renminbi","ct_lang":"Nepali","ct_id":190,"ct_name":"Shuangqiao"},{"ct_country":"Indonesia","ct_currency":"Rupiah","ct_lang":"Punjabi","ct_id":191,"ct_name":"Tracal"},{"ct_country":"Portugal","ct_currency":"Euro","ct_lang":"Thai","ct_id":192,"ct_name":"Castelões"},{"ct_country":"Portugal","ct_currency":"Euro","ct_lang":"Kashmiri","ct_id":193,"ct_name":"Cabanas"},{"ct_country":"China","ct_currency":"Yuan Renminbi","ct_lang":"Icelandic","ct_id":194,"ct_name":"Zengfu"},{"ct_country":"Indonesia","ct_currency":"Rupiah","ct_lang":"Bulgarian","ct_id":195,"ct_name":"Laleng"},{"ct_country":"Czech Republic","ct_currency":"Koruna","ct_lang":"Korean","ct_id":196,"ct_name":"Jablonné nad Orlicí"},{"ct_country":"France","ct_currency":"Euro","ct_lang":"Portuguese","ct_id":197,"ct_name":"Nice"},{"ct_country":"Russia","ct_currency":"Ruble","ct_lang":"Northern Sotho","ct_id":198,"ct_name":"Kyzyl-Oktyabr’skiy"},{"ct_country":"Peru","ct_currency":"Sol","ct_lang":"Bislama","ct_id":199,"ct_name":"Pacucha"},{"ct_country":"China","ct_currency":"Yuan Renminbi","ct_lang":"Dzongkha","ct_id":200,"ct_name":"Huangchen"},{"ct_country":"1","ct_currency":"s","ct_lang":"s","ct_id":1,"ct_name":"s"},{"ct_country":"country","ct_currency":"currency","ct_lang":"language","ct_id":1,"ct_name":"name"},{"ct_country":"country","ct_currency":"currency","ct_lang":"language","ct_id":1,"ct_name":"name"}]