[{"fname":"Orlande","lname":"Zorno","gender":"Malef","age":48,"tr_id":6,"tr_mob":"2833603530"},{"fname":"Benedicto","lname":"Cowperthwaite","gender":"Male","age":75,"tr_id":6,"tr_mob":"9983690714"},{"fname":"Brendan","lname":"Lyste","gender":"Male","age":89,"tr_id":7,"tr_mob":"2245685457"},{"fname":"Ginny","lname":"Hutcheons","gender":"Female","age":81,"tr_id":8,"tr_mob":"2182243118"},{"fname":"Alberik","lname":"Degoey","gender":"Male","age":43,"tr_id":9,"tr_mob":"7235256171"},{"fname":"Anny","lname":"Godding","gender":"Female","age":72,"tr_id":10,"tr_mob":"4047900941"},{"fname":"Paton","lname":"Guttridge","gender":"Male","age":20,"tr_id":11,"tr_mob":"1596883430"},{"fname":"Carmelina","lname":"Peatt","gender":"Female","age":31,"tr_id":12,"tr_mob":"6769067632"},{"fname":"Krystyna","lname":"Meredith","gender":"Female","age":54,"tr_id":13,"tr_mob":"9352837011"},{"fname":"Charil","lname":"Buckel","gender":"Female","age":53,"tr_id":14,"tr_mob":"9455587887"},{"fname":"Felice","lname":"Margrett","gender":"Female","age":44,"tr_id":15,"tr_mob":"5555819235"},{"fname":"Ginger","lname":"Lardeux","gender":"Male","age":75,"tr_id":16,"tr_mob":"4882136407"},{"fname":"Omar","lname":"McReedy","gender":"Male","age":78,"tr_id":17,"tr_mob":"6691037365"},{"fname":"Marc","lname":"Danshin","gender":"Male","age":59,"tr_id":18,"tr_mob":"3985138517"},{"fname":"Merrick","lname":"Reignolds","gender":"Male","age":66,"tr_id":19,"tr_mob":"5931007614"},{"fname":"Isidoro","lname":"Reagan","gender":"Male","age":99,"tr_id":20,"tr_mob":"2919534225"},{"fname":"Flori","lname":"Spera","gender":"Female","age":62,"tr_id":21,"tr_mob":"8353286343"},{"fname":"Adriaens","lname":"Davidovsky","gender":"Female","age":66,"tr_id":22,"tr_mob":"3682645666"},{"fname":"Lammond","lname":"Boyack","gender":"Male","age":95,"tr_id":23,"tr_mob":"4007615946"},{"fname":"Dallas","lname":"Muddicliffe","gender":"Male","age":38,"tr_id":24,"tr_mob":"4855397885"},{"fname":"Penny","lname":"Bowker","gender":"Male","age":45,"tr_id":25,"tr_mob":"7879407110"},{"fname":"Pet","lname":"Goaley","gender":"Female","age":48,"tr_id":26,"tr_mob":"2627655039"},{"fname":"Claribel","lname":"Laffoley-Lane","gender":"Female","age":94,"tr_id":27,"tr_mob":"2545798703"},{"fname":"Jackson","lname":"Mottershead","gender":"Male","age":64,"tr_id":28,"tr_mob":"4371302367"},{"fname":"Phyllis","lname":"Braithwait","gender":"Female","age":83,"tr_id":29,"tr_mob":"3971004011"},{"fname":"Abramo","lname":"Tupie","gender":"Male","age":26,"tr_id":30,"tr_mob":"2471961668"},{"fname":"Walther","lname":"Bouldon","gender":"Male","age":55,"tr_id":31,"tr_mob":"8706203967"},{"fname":"Will","lname":"Boxhill","gender":"Male","age":78,"tr_id":32,"tr_mob":"3019314268"},{"fname":"Lonee","lname":"McMeanma","gender":"Genderfluid","age":56,"tr_id":33,"tr_mob":"5665376931"},{"fname":"Hastings","lname":"Barfford","gender":"Male","age":33,"tr_id":34,"tr_mob":"6813387236"},{"fname":"Jessamine","lname":"Danels","gender":"Female","age":57,"tr_id":35,"tr_mob":"5568588085"},{"fname":"Maggie","lname":"Treker","gender":"Agender","age":32,"tr_id":36,"tr_mob":"4284417217"},{"fname":"Dael","lname":"Dehn","gender":"Male","age":67,"tr_id":37,"tr_mob":"5511994259"},{"fname":"Cathyleen","lname":"Barkas","gender":"Female","age":53,"tr_id":38,"tr_mob":"7573716287"},{"fname":"Gerri","lname":"Kiezler","gender":"Female","age":98,"tr_id":39,"tr_mob":"2331362455"},{"fname":"Gertrud","lname":"Scally","gender":"Female","age":60,"tr_id":40,"tr_mob":"8352630139"},{"fname":"Clemmie","lname":"McTrustram","gender":"Female","age":65,"tr_id":41,"tr_mob":"4118987212"},{"fname":"Alberik","lname":"Derye-Barrett","gender":"Male","age":73,"tr_id":42,"tr_mob":"2024323976"},{"fname":"Lancelot","lname":"Wilden","gender":"Male","age":91,"tr_id":43,"tr_mob":"3888475387"},{"fname":"Kane","lname":"O'Codihie","gender":"Male","age":67,"tr_id":44,"tr_mob":"5544966238"},{"fname":"Efren","lname":"Fullun","gender":"Male","age":97,"tr_id":45,"tr_mob":"3439501333"},{"fname":"Aylmer","lname":"Wincott","gender":"Male","age":78,"tr_id":46,"tr_mob":"1475733428"},{"fname":"Anthia","lname":"Gillyatt","gender":"Non-binary","age":95,"tr_id":47,"tr_mob":"3594622209"},{"fname":"Pooh","lname":"Britian","gender":"Female","age":73,"tr_id":48,"tr_mob":"4712069694"},{"fname":"Elsinore","lname":"Reolfi","gender":"Female","age":78,"tr_id":49,"tr_mob":"7568373520"},{"fname":"Eloisa","lname":"Peche","gender":"Female","age":40,"tr_id":50,"tr_mob":"8425723722"},{"fname":"Staffard","lname":"McRannell","gender":"Male","age":19,"tr_id":51,"tr_mob":"6145894017"},{"fname":"Shell","lname":"Crowcroft","gender":"Male","age":26,"tr_id":52,"tr_mob":"9447700984"},{"fname":"Drusie","lname":"Concannon","gender":"Female","age":38,"tr_id":53,"tr_mob":"6212370389"},{"fname":"Farrand","lname":"Plunket","gender":"Female","age":39,"tr_id":54,"tr_mob":"8103148035"},{"fname":"Wayne","lname":"Polkinhorn","gender":"Male","age":91,"tr_id":55,"tr_mob":"2285603740"},{"fname":"Hyatt","lname":"Caygill","gender":"Male","age":49,"tr_id":56,"tr_mob":"7356304903"},{"fname":"Collette","lname":"Astling","gender":"Female","age":24,"tr_id":57,"tr_mob":"9468867470"},{"fname":"Amaleta","lname":"Sidebottom","gender":"Female","age":26,"tr_id":58,"tr_mob":"5829266215"},{"fname":"Benjie","lname":"Sallows","gender":"Male","age":78,"tr_id":59,"tr_mob":"8426041781"},{"fname":"Josi","lname":"Showler","gender":"Female","age":22,"tr_id":60,"tr_mob":"7742895098"},{"fname":"Jennifer","lname":"Leon","gender":"Female","age":60,"tr_id":61,"tr_mob":"9672474479"},{"fname":"Elihu","lname":"Mariot","gender":"Male","age":69,"tr_id":62,"tr_mob":"9892611725"},{"fname":"Brinn","lname":"Bootyman","gender":"Female","age":85,"tr_id":63,"tr_mob":"8842895811"},{"fname":"Farr","lname":"O'Neill","gender":"Male","age":34,"tr_id":64,"tr_mob":"9719651928"},{"fname":"Chico","lname":"Dudley","gender":"Male","age":100,"tr_id":65,"tr_mob":"7374454339"},{"fname":"Peter","lname":"Laffoley-Lane","gender":"Male","age":20,"tr_id":66,"tr_mob":"8812644533"},{"fname":"Tonia","lname":"Hughes","gender":"Female","age":61,"tr_id":67,"tr_mob":"3134375515"},{"fname":"Berke","lname":"Jolliff","gender":"Male","age":37,"tr_id":68,"tr_mob":"3214068847"},{"fname":"Gerrie","lname":"Insko","gender":"Male","age":55,"tr_id":69,"tr_mob":"1492920372"},{"fname":"Carmelita","lname":"Cantos","gender":"Female","age":60,"tr_id":70,"tr_mob":"8185250918"},{"fname":"Dolley","lname":"Lerego","gender":"Female","age":81,"tr_id":71,"tr_mob":"8685044267"},{"fname":"Alix","lname":"Spacy","gender":"Female","age":93,"tr_id":72,"tr_mob":"3107344099"},{"fname":"Garnette","lname":"Stranaghan","gender":"Female","age":80,"tr_id":73,"tr_mob":"5756387600"},{"fname":"Elsinore","lname":"Haacker","gender":"Female","age":33,"tr_id":74,"tr_mob":"4881516350"},{"fname":"Reynard","lname":"Kighly","gender":"Male","age":24,"tr_id":75,"tr_mob":"5486932478"},{"fname":"Joyann","lname":"Jeanneau","gender":"Female","age":37,"tr_id":76,"tr_mob":"2186846170"},{"fname":"Sanderson","lname":"Schellig","gender":"Male","age":70,"tr_id":77,"tr_mob":"8644377060"},{"fname":"Heywood","lname":"Stidson","gender":"Male","age":70,"tr_id":78,"tr_mob":"4255334398"},{"fname":"Gwenni","lname":"Daulby","gender":"Female","age":28,"tr_id":79,"tr_mob":"6633392506"},{"fname":"Garland","lname":"Harms","gender":"Female","age":57,"tr_id":80,"tr_mob":"1808181900"},{"fname":"Lora","lname":"Deware","gender":"Female","age":63,"tr_id":81,"tr_mob":"7263875052"},{"fname":"Garrik","lname":"Satterlee","gender":"Male","age":58,"tr_id":82,"tr_mob":"6592601597"},{"fname":"Brnaby","lname":"Ummfrey","gender":"Male","age":73,"tr_id":83,"tr_mob":"8148461691"},{"fname":"Delcine","lname":"Tacey","gender":"Female","age":63,"tr_id":84,"tr_mob":"9341878735"},{"fname":"Franklyn","lname":"Pursey","gender":"Male","age":34,"tr_id":85,"tr_mob":"9003278494"},{"fname":"Etan","lname":"Barrar","gender":"Male","age":32,"tr_id":86,"tr_mob":"1167526894"},{"fname":"Elysha","lname":"Westnage","gender":"Female","age":58,"tr_id":87,"tr_mob":"8957186491"},{"fname":"Vail","lname":"Botly","gender":"Male","age":29,"tr_id":88,"tr_mob":"3725177087"},{"fname":"Maxy","lname":"Szwandt","gender":"Male","age":79,"tr_id":89,"tr_mob":"9999378731"},{"fname":"Donnie","lname":"Niccols","gender":"Female","age":69,"tr_id":90,"tr_mob":"3872996179"},{"fname":"Rosaleen","lname":"Russi","gender":"Female","age":93,"tr_id":91,"tr_mob":"4333809035"},{"fname":"Adrian","lname":"Carine","gender":"Genderfluid","age":80,"tr_id":92,"tr_mob":"6513532967"},{"fname":"Nye","lname":"D'Alessio","gender":"Male","age":29,"tr_id":93,"tr_mob":"1257700883"},{"fname":"Elvis","lname":"Fritzer","gender":"Male","age":95,"tr_id":94,"tr_mob":"3201441291"},{"fname":"Artur","lname":"Curling","gender":"Male","age":62,"tr_id":95,"tr_mob":"4547678560"},{"fname":"Juline","lname":"Rapier","gender":"Female","age":44,"tr_id":96,"tr_mob":"5717947860"},{"fname":"Anabelle","lname":"Burry","gender":"Female","age":49,"tr_id":97,"tr_mob":"6412091157"},{"fname":"Haven","lname":"Cristofol","gender":"Male","age":44,"tr_id":98,"tr_mob":"7237749672"},{"fname":"Nikola","lname":"Mauger","gender":"Male","age":44,"tr_id":99,"tr_mob":"7029821358"},{"fname":"Adriana","lname":"Irnis","gender":"Female","age":97,"tr_id":100,"tr_mob":"1645823612"},{"fname":"Koralle","lname":"Crockatt","gender":"Female","age":70,"tr_id":101,"tr_mob":"2055662958"},{"fname":"Nikki","lname":"Colqueran","gender":"Male","age":25,"tr_id":102,"tr_mob":"4623437151"},{"fname":"Lewiss","lname":"Seville","gender":"Male","age":72,"tr_id":103,"tr_mob":"2528989722"},{"fname":"Manfred","lname":"Smeuin","gender":"Male","age":64,"tr_id":104,"tr_mob":"1721254364"},{"fname":"Hyman","lname":"Rawstron","gender":"Male","age":56,"tr_id":105,"tr_mob":"1898076018"},{"fname":"Neysa","lname":"Ibbeson","gender":"Bigender","age":36,"tr_id":106,"tr_mob":"7776896499"},{"fname":"Janice","lname":"Kiddell","gender":"Female","age":29,"tr_id":107,"tr_mob":"9284466395"},{"fname":"Byran","lname":"Dullard","gender":"Polygender","age":83,"tr_id":108,"tr_mob":"3102228608"},{"fname":"Norman","lname":"Clemmensen","gender":"Male","age":74,"tr_id":109,"tr_mob":"1702081239"},{"fname":"Noach","lname":"Blay","gender":"Male","age":80,"tr_id":110,"tr_mob":"6038417160"},{"fname":"Noby","lname":"Valois","gender":"Agender","age":36,"tr_id":111,"tr_mob":"4431951377"},{"fname":"Ericka","lname":"Zamorano","gender":"Female","age":40,"tr_id":112,"tr_mob":"3399833162"},{"fname":"Dedie","lname":"Trustey","gender":"Female","age":28,"tr_id":113,"tr_mob":"4226345946"},{"fname":"Leon","lname":"Mullen","gender":"Male","age":96,"tr_id":114,"tr_mob":"1656652749"},{"fname":"Ginny","lname":"Hoffner","gender":"Female","age":69,"tr_id":115,"tr_mob":"4513473808"},{"fname":"Huberto","lname":"Cleyburn","gender":"Male","age":74,"tr_id":116,"tr_mob":"1268263159"},{"fname":"Krisha","lname":"Ineson","gender":"Male","age":99,"tr_id":117,"tr_mob":"1688875039"},{"fname":"Catarina","lname":"Decourt","gender":"Female","age":35,"tr_id":118,"tr_mob":"7604471871"},{"fname":"Phil","lname":"Heikkinen","gender":"Male","age":95,"tr_id":119,"tr_mob":"5842278604"},{"fname":"Madalena","lname":"Coode","gender":"Female","age":86,"tr_id":120,"tr_mob":"3898338293"},{"fname":"Sianna","lname":"Eary","gender":"Female","age":63,"tr_id":121,"tr_mob":"9121103958"},{"fname":"Lloyd","lname":"Wickett","gender":"Male","age":95,"tr_id":122,"tr_mob":"8066207924"},{"fname":"Udell","lname":"Alessandrini","gender":"Male","age":98,"tr_id":123,"tr_mob":"6961672295"},{"fname":"Atalanta","lname":"MacSharry","gender":"Female","age":25,"tr_id":124,"tr_mob":"7333796835"},{"fname":"Albert","lname":"Bennough","gender":"Male","age":44,"tr_id":125,"tr_mob":"5135123151"},{"fname":"Bartlett","lname":"Simao","gender":"Male","age":89,"tr_id":126,"tr_mob":"6211524931"},{"fname":"Alleyn","lname":"Davidde","gender":"Male","age":59,"tr_id":127,"tr_mob":"8487183024"},{"fname":"Brit","lname":"Doman","gender":"Male","age":27,"tr_id":128,"tr_mob":"6476347587"},{"fname":"Barrett","lname":"Bedford","gender":"Male","age":61,"tr_id":129,"tr_mob":"4142858762"},{"fname":"Gisele","lname":"O'Loughnan","gender":"Agender","age":24,"tr_id":130,"tr_mob":"8281572035"},{"fname":"Jsandye","lname":"MacCurley","gender":"Female","age":66,"tr_id":131,"tr_mob":"4245420228"},{"fname":"Anatola","lname":"Shadwick","gender":"Female","age":49,"tr_id":132,"tr_mob":"8207595409"},{"fname":"Megan","lname":"Aaron","gender":"Female","age":95,"tr_id":133,"tr_mob":"1497304447"},{"fname":"Nettle","lname":"McGuane","gender":"Female","age":47,"tr_id":134,"tr_mob":"2372796953"},{"fname":"Terri","lname":"Lagden","gender":"Female","age":49,"tr_id":135,"tr_mob":"9201693521"},{"fname":"Lanny","lname":"Petran","gender":"Male","age":50,"tr_id":136,"tr_mob":"2504043752"},{"fname":"Decca","lname":"Terrey","gender":"Male","age":23,"tr_id":137,"tr_mob":"3364448474"},{"fname":"Larisa","lname":"Flury","gender":"Female","age":88,"tr_id":138,"tr_mob":"4978743646"},{"fname":"Lowell","lname":"Stockey","gender":"Male","age":28,"tr_id":139,"tr_mob":"3963823084"},{"fname":"Gasparo","lname":"Callam","gender":"Male","age":85,"tr_id":140,"tr_mob":"3455094129"},{"fname":"Lauren","lname":"Nickels","gender":"Male","age":91,"tr_id":141,"tr_mob":"5279354367"},{"fname":"Haily","lname":"MacNeill","gender":"Male","age":87,"tr_id":142,"tr_mob":"5335153158"},{"fname":"Codie","lname":"Kilbride","gender":"Male","age":45,"tr_id":143,"tr_mob":"9304522384"},{"fname":"Cyrille","lname":"Chatelain","gender":"Male","age":89,"tr_id":144,"tr_mob":"5116826074"},{"fname":"Winston","lname":"McMenamy","gender":"Genderqueer","age":33,"tr_id":145,"tr_mob":"7157468201"},{"fname":"Even","lname":"Behning","gender":"Male","age":95,"tr_id":146,"tr_mob":"9677790883"},{"fname":"Gilbert","lname":"Astill","gender":"Male","age":84,"tr_id":147,"tr_mob":"1482066639"},{"fname":"Dorelle","lname":"Panswick","gender":"Female","age":48,"tr_id":148,"tr_mob":"1496533454"},{"fname":"Evin","lname":"Abba","gender":"Male","age":84,"tr_id":149,"tr_mob":"8139104719"},{"fname":"Quinlan","lname":"Collete","gender":"Male","age":42,"tr_id":150,"tr_mob":"4532153157"},{"fname":"Torrey","lname":"Popplestone","gender":"Male","age":23,"tr_id":151,"tr_mob":"4227985367"},{"fname":"Devondra","lname":"Cranch","gender":"Female","age":78,"tr_id":152,"tr_mob":"9506822019"},{"fname":"Arabelle","lname":"Foreman","gender":"Female","age":71,"tr_id":153,"tr_mob":"3032910371"},{"fname":"Ingrim","lname":"Chittem","gender":"Male","age":56,"tr_id":154,"tr_mob":"6607957517"},{"fname":"Kimberli","lname":"Trask","gender":"Female","age":73,"tr_id":155,"tr_mob":"9472061855"},{"fname":"Leicester","lname":"Fairman","gender":"Male","age":64,"tr_id":156,"tr_mob":"8713498292"},{"fname":"Gabbi","lname":"Nelsen","gender":"Female","age":18,"tr_id":157,"tr_mob":"6795041486"},{"fname":"Brion","lname":"McCullouch","gender":"Male","age":26,"tr_id":158,"tr_mob":"2115872158"},{"fname":"Wanids","lname":"Seagood","gender":"Female","age":56,"tr_id":159,"tr_mob":"9765703384"},{"fname":"Wilie","lname":"Dryden","gender":"Female","age":48,"tr_id":160,"tr_mob":"1579261890"},{"fname":"Cleve","lname":"Vasilmanov","gender":"Male","age":30,"tr_id":161,"tr_mob":"1492219987"},{"fname":"Udale","lname":"Bister","gender":"Male","age":40,"tr_id":162,"tr_mob":"1472947938"},{"fname":"Franny","lname":"Moens","gender":"Male","age":49,"tr_id":163,"tr_mob":"8275175747"},{"fname":"Augustin","lname":"Carpe","gender":"Male","age":19,"tr_id":164,"tr_mob":"6973143534"},{"fname":"Crysta","lname":"Caroli","gender":"Female","age":91,"tr_id":165,"tr_mob":"5267174412"},{"fname":"Isidore","lname":"Normavell","gender":"Male","age":70,"tr_id":166,"tr_mob":"2283092574"},{"fname":"Justinn","lname":"Rodenburg","gender":"Female","age":80,"tr_id":167,"tr_mob":"9712272790"},{"fname":"Bink","lname":"Haire","gender":"Male","age":52,"tr_id":168,"tr_mob":"8422273541"},{"fname":"Nata","lname":"Maton","gender":"Female","age":74,"tr_id":169,"tr_mob":"8123374149"},{"fname":"Abel","lname":"Dikle","gender":"Male","age":58,"tr_id":170,"tr_mob":"3244800216"},{"fname":"Olag","lname":"Yeldon","gender":"Male","age":67,"tr_id":171,"tr_mob":"9243100583"},{"fname":"Janene","lname":"Golagley","gender":"Genderqueer","age":67,"tr_id":172,"tr_mob":"4626321522"},{"fname":"Frederick","lname":"Cummings","gender":"Male","age":22,"tr_id":173,"tr_mob":"7713913940"},{"fname":"Genny","lname":"Woodham","gender":"Polygender","age":91,"tr_id":174,"tr_mob":"7011822169"},{"fname":"Maximo","lname":"Seeks","gender":"Male","age":95,"tr_id":175,"tr_mob":"2595814077"},{"fname":"Christian","lname":"Rakestraw","gender":"Female","age":27,"tr_id":176,"tr_mob":"2786619739"},{"fname":"Kenon","lname":"Abrey","gender":"Male","age":43,"tr_id":177,"tr_mob":"8745005011"},{"fname":"Kenny","lname":"Corwood","gender":"Male","age":44,"tr_id":178,"tr_mob":"8042163981"},{"fname":"Joanna","lname":"Courtois","gender":"Female","age":25,"tr_id":179,"tr_mob":"8535884129"},{"fname":"Dud","lname":"Nisco","gender":"Male","age":82,"tr_id":180,"tr_mob":"7519357126"},{"fname":"Ryun","lname":"Benezeit","gender":"Male","age":58,"tr_id":181,"tr_mob":"6988156530"},{"fname":"Jenda","lname":"Eaklee","gender":"Female","age":72,"tr_id":182,"tr_mob":"3924165479"},{"fname":"Glad","lname":"Kibblewhite","gender":"Female","age":25,"tr_id":183,"tr_mob":"5791984562"},{"fname":"Bryon","lname":"Swalwel","gender":"Male","age":78,"tr_id":184,"tr_mob":"1076986466"},{"fname":"Winn","lname":"Carss","gender":"Male","age":30,"tr_id":185,"tr_mob":"5621124252"},{"fname":"Hewett","lname":"Muzzall","gender":"Male","age":70,"tr_id":186,"tr_mob":"4598196750"},{"fname":"Sarita","lname":"Ilyasov","gender":"Female","age":27,"tr_id":187,"tr_mob":"3261450740"},{"fname":"Noel","lname":"Dominici","gender":"Male","age":29,"tr_id":188,"tr_mob":"7069357961"},{"fname":"Roy","lname":"Spedroni","gender":"Male","age":23,"tr_id":189,"tr_mob":"7574831406"},{"fname":"Carmen","lname":"Doxsey","gender":"Female","age":78,"tr_id":190,"tr_mob":"3873399479"},{"fname":"Mandie","lname":"Orable","gender":"Non-binary","age":35,"tr_id":191,"tr_mob":"5574853168"},{"fname":"Aaren","lname":"D'Antonio","gender":"Bigender","age":83,"tr_id":192,"tr_mob":"5033907932"},{"fname":"Weber","lname":"Austick","gender":"Male","age":63,"tr_id":193,"tr_mob":"1698644725"},{"fname":"Lina","lname":"Stallybrass","gender":"Female","age":24,"tr_id":194,"tr_mob":"2469212141"},{"fname":"Salaidh","lname":"Seamer","gender":"Female","age":54,"tr_id":195,"tr_mob":"2713447923"},{"fname":"Pete","lname":"Crippes","gender":"Male","age":50,"tr_id":196,"tr_mob":"1643582325"},{"fname":"Cody","lname":"Stonhard","gender":"Male","age":98,"tr_id":197,"tr_mob":"2746574259"},{"fname":"Michael","lname":"Marsland","gender":"Male","age":94,"tr_id":198,"tr_mob":"9603028528"},{"fname":"Sadye","lname":"Ungerecht","gender":"Female","age":44,"tr_id":199,"tr_mob":"5802464034"},{"fname":"Jackie","lname":"McGauhy","gender":"Female","age":31,"tr_id":200,"tr_mob":"5074578869"},{"fname":"g","lname":"k","gender":"sex","age":23,"tr_id":1,"tr_mob":"547857348374984738"},{"fname":"null","lname":"null","gender":"null","age":0,"tr_id":604,"tr_mob":"null"},{"fname":"f","lname":"g","gender":"2","age":2,"tr_id":2,"tr_mob":"575345634785635734"},{"fname":"a","lname":"g","gender":"23","age":23,"tr_id":2,"tr_mob":"534545534534534"},{"fname":"a","lname":"g","gender":"23","age":23,"tr_id":2,"tr_mob":"23"},{"fname":"d","lname":"d","gender":"ds","age":34,"tr_id":1,"tr_mob":"23"},{"fname":"d","lname":"g","gender":"2","age":4,"tr_id":1,"tr_mob":"4"},{"fname":"a","lname":"g","gender":"23","age":1,"tr_id":1,"tr_mob":"2"},{"fname":"e","lname":"g","gender":"3","age":3,"tr_id":1,"tr_mob":"3"},{"fname":"g","lname":"g","gender":"sd","age":2,"tr_id":1,"tr_mob":"3"},{"fname":"d","lname":"g","gender":"d","age":23,"tr_id":2,"tr_mob":"2"},{"fname":"f","lname":"g","gender":"df","age":45,"tr_id":4,"tr_mob":"5"},{"fname":"g","lname":"f","gender":"34","age":0,"tr_id":2,"tr_mob":"f"},{"fname":"f","lname":"g","gender":"34","age":0,"tr_id":1,"tr_mob":"fg"},{"fname":"f","lname":"g","gender":"34","age":0,"tr_id":3,"tr_mob":"d"},{"fname":"d","lname":"g","gender":"3","age":5,"tr_id":3,"tr_mob":"6"},{"fname":"f","lname":"g","gender":"434","age":4,"tr_id":2,"tr_mob":"56"},{"fname":"f","lname":"g","gender":"34","age":34,"tr_id":3,"tr_mob":"43463"},{"fname":"fname","lname":"lname","gender":"gender","age":1,"tr_id":1,"tr_mob":"mobile"}]